case,period,series,value,unit,provenance,source_url
pharmacy,2024-07-22,history,232,Cases / week,published_observation,https://hcdc.vn/tinh-hinh-dich-benh-sot-xuat-huyet-va-tay-chan-mieng-tai-tp-ho-chi-minh-tinh-den-tuan-302024-x6HEAv.html
pharmacy,2024-07-29,history,254,Cases / week,published_observation,https://tuoitre.vn/nld/tp-hcm-phat-hien-60-ca-nghi-sot-phat-ban-soi-trong-1-tuan-196240810151904281.htm
pharmacy,2024-08-05,history,272,Cases / week,published_observation,https://hcdc.vn/tinh-hinh-dich-benh-sot-xuat-huyet-tay-chan-mieng-va-soi-tai-tp-ho-chi-minh-tinh-den-tuan-322024-39XFah.html
pharmacy,2024-08-12,groundTruth,299,Cases / week,published_observation,https://thanhnien.vn/tinh-hinh-dich-benh-soi-moi-nhat-tai-tphcm-185240824095909048.htm
pharmacy,2024-08-19,groundTruth,301,Cases / week,published_observation,https://alobacsi.com/hcdc-benh-truyen-nhiem-o-tphcm-tang-cao.html
pharmacy,2024-08-26,groundTruth,243,Cases / week,published_observation,https://vtv.vn/suc-khoe/tp-ho-chi-minh-ghi-nhan-118-ca-sot-phat-ban-nghi-soi-trong-tuan-qua-20240903112903123.htm
pharmacy,2024-08-12,baseline,291,Cases / week,authored_illustration,
pharmacy,2024-08-19,baseline,310,Cases / week,authored_illustration,
pharmacy,2024-08-26,baseline,329,Cases / week,authored_illustration,
pharmacy,2024-08-12,guided,304,Cases / week,authored_illustration,
pharmacy,2024-08-19,guided,325,Cases / week,authored_illustration,
pharmacy,2024-08-26,guided,315,Cases / week,authored_illustration,
traffic,2019-08-01,history,288.116,Billion vehicle miles / month,published_observation,https://raw.githubusercontent.com/AdityaLab/Time-MMD/main/numerical/Traffic/Traffic.csv
traffic,2019-09-01,history,267.747,Billion vehicle miles / month,published_observation,https://raw.githubusercontent.com/AdityaLab/Time-MMD/main/numerical/Traffic/Traffic.csv
traffic,2019-10-01,history,283.961,Billion vehicle miles / month,published_observation,https://raw.githubusercontent.com/AdityaLab/Time-MMD/main/numerical/Traffic/Traffic.csv
traffic,2019-11-01,history,260.326,Billion vehicle miles / month,published_observation,https://raw.githubusercontent.com/AdityaLab/Time-MMD/main/numerical/Traffic/Traffic.csv
traffic,2019-12-01,history,261.757,Billion vehicle miles / month,published_observation,https://raw.githubusercontent.com/AdityaLab/Time-MMD/main/numerical/Traffic/Traffic.csv
traffic,2020-01-01,history,260.847,Billion vehicle miles / month,published_observation,https://raw.githubusercontent.com/AdityaLab/Time-MMD/main/numerical/Traffic/Traffic.csv
traffic,2020-02-01,history,242.695,Billion vehicle miles / month,published_observation,https://raw.githubusercontent.com/AdityaLab/Time-MMD/main/numerical/Traffic/Traffic.csv
traffic,2020-03-01,groundTruth,226.638,Billion vehicle miles / month,published_observation,https://raw.githubusercontent.com/AdityaLab/Time-MMD/main/numerical/Traffic/Traffic.csv
traffic,2020-04-01,groundTruth,167.617,Billion vehicle miles / month,published_observation,https://raw.githubusercontent.com/AdityaLab/Time-MMD/main/numerical/Traffic/Traffic.csv
traffic,2020-05-01,groundTruth,221.006,Billion vehicle miles / month,published_observation,https://raw.githubusercontent.com/AdityaLab/Time-MMD/main/numerical/Traffic/Traffic.csv
traffic,2020-06-01,groundTruth,250.33,Billion vehicle miles / month,published_observation,https://raw.githubusercontent.com/AdityaLab/Time-MMD/main/numerical/Traffic/Traffic.csv
traffic,2020-07-01,groundTruth,265.55,Billion vehicle miles / month,published_observation,https://raw.githubusercontent.com/AdityaLab/Time-MMD/main/numerical/Traffic/Traffic.csv
traffic,2020-03-01,baseline,268,Billion vehicle miles / month,authored_illustration,
traffic,2020-04-01,baseline,275,Billion vehicle miles / month,authored_illustration,
traffic,2020-05-01,baseline,282,Billion vehicle miles / month,authored_illustration,
traffic,2020-06-01,baseline,286,Billion vehicle miles / month,authored_illustration,
traffic,2020-07-01,baseline,288,Billion vehicle miles / month,authored_illustration,
traffic,2020-03-01,guided,215,Billion vehicle miles / month,authored_illustration,
traffic,2020-04-01,guided,190,Billion vehicle miles / month,authored_illustration,
traffic,2020-05-01,guided,203,Billion vehicle miles / month,authored_illustration,
traffic,2020-06-01,guided,231,Billion vehicle miles / month,authored_illustration,
traffic,2020-07-01,guided,252,Billion vehicle miles / month,authored_illustration,
energy,2022-01-03,history,3.381,USD / gallon · all grades,published_observation,https://raw.githubusercontent.com/AdityaLab/Time-MMD/main/numerical/Energy/Energy.csv
energy,2022-01-10,history,3.394,USD / gallon · all grades,published_observation,https://raw.githubusercontent.com/AdityaLab/Time-MMD/main/numerical/Energy/Energy.csv
energy,2022-01-17,history,3.404,USD / gallon · all grades,published_observation,https://raw.githubusercontent.com/AdityaLab/Time-MMD/main/numerical/Energy/Energy.csv
energy,2022-01-24,history,3.421,USD / gallon · all grades,published_observation,https://raw.githubusercontent.com/AdityaLab/Time-MMD/main/numerical/Energy/Energy.csv
energy,2022-01-31,history,3.464,USD / gallon · all grades,published_observation,https://raw.githubusercontent.com/AdityaLab/Time-MMD/main/numerical/Energy/Energy.csv
energy,2022-02-07,history,3.538,USD / gallon · all grades,published_observation,https://raw.githubusercontent.com/AdityaLab/Time-MMD/main/numerical/Energy/Energy.csv
energy,2022-02-14,history,3.581,USD / gallon · all grades,published_observation,https://raw.githubusercontent.com/AdityaLab/Time-MMD/main/numerical/Energy/Energy.csv
energy,2022-02-21,history,3.624,USD / gallon · all grades,published_observation,https://raw.githubusercontent.com/AdityaLab/Time-MMD/main/numerical/Energy/Energy.csv
energy,2022-02-28,history,3.701,USD / gallon · all grades,published_observation,https://raw.githubusercontent.com/AdityaLab/Time-MMD/main/numerical/Energy/Energy.csv
energy,2022-03-07,groundTruth,4.196,USD / gallon · all grades,published_observation,https://raw.githubusercontent.com/AdityaLab/Time-MMD/main/numerical/Energy/Energy.csv
energy,2022-03-14,groundTruth,4.414,USD / gallon · all grades,published_observation,https://raw.githubusercontent.com/AdityaLab/Time-MMD/main/numerical/Energy/Energy.csv
energy,2022-03-21,groundTruth,4.343,USD / gallon · all grades,published_observation,https://raw.githubusercontent.com/AdityaLab/Time-MMD/main/numerical/Energy/Energy.csv
energy,2022-03-28,groundTruth,4.334,USD / gallon · all grades,published_observation,https://raw.githubusercontent.com/AdityaLab/Time-MMD/main/numerical/Energy/Energy.csv
energy,2022-04-04,groundTruth,4.274,USD / gallon · all grades,published_observation,https://raw.githubusercontent.com/AdityaLab/Time-MMD/main/numerical/Energy/Energy.csv
energy,2022-04-11,groundTruth,4.196,USD / gallon · all grades,published_observation,https://raw.githubusercontent.com/AdityaLab/Time-MMD/main/numerical/Energy/Energy.csv
energy,2022-03-07,baseline,3.75,USD / gallon · all grades,authored_illustration,
energy,2022-03-14,baseline,3.8,USD / gallon · all grades,authored_illustration,
energy,2022-03-21,baseline,3.85,USD / gallon · all grades,authored_illustration,
energy,2022-03-28,baseline,3.9,USD / gallon · all grades,authored_illustration,
energy,2022-04-04,baseline,3.95,USD / gallon · all grades,authored_illustration,
energy,2022-04-11,baseline,4.0,USD / gallon · all grades,authored_illustration,
energy,2022-03-07,guided,4.03,USD / gallon · all grades,authored_illustration,
energy,2022-03-14,guided,4.25,USD / gallon · all grades,authored_illustration,
energy,2022-03-21,guided,4.38,USD / gallon · all grades,authored_illustration,
energy,2022-03-28,guided,4.4,USD / gallon · all grades,authored_illustration,
energy,2022-04-04,guided,4.33,USD / gallon · all grades,authored_illustration,
energy,2022-04-11,guided,4.25,USD / gallon · all grades,authored_illustration,
